date,service,type
"2012-09-04 15:57:31 +0000","twitter","tweet"
"2012-05-10 09:24:07 +0000","twitter","tweet"
"2012-05-10 07:39:55 +0000","twitter","tweet"
"2012-05-06 15:59:08 +0000","twitter","tweet"
"2012-05-06 14:39:08 +0000","twitter","tweet"
"2012-04-26 03:19:12 +0000","twitter","tweet"
"2012-04-24 03:11:23 +0000","twitter","tweet"
"2012-04-24 03:03:45 +0000","twitter","tweet"
"2012-04-23 17:28:40 +0000","twitter","tweet"
"2012-04-21 07:07:56 +0000","twitter","tweet"
"2012-04-18 08:06:52 +0000","twitter","tweet"
"2012-04-17 13:54:20 +0000","twitter","tweet"
"2012-04-13 09:03:00 +0000","twitter","tweet"
"2012-04-12 08:16:49 +0000","twitter","tweet"
"2012-04-11 11:52:21 +0000","twitter","tweet"
"2012-04-09 11:10:31 +0000","twitter","tweet"
"2012-04-09 11:09:20 +0000","twitter","tweet"
"2012-04-02 11:41:37 +0000","twitter","tweet"
"2012-04-02 03:41:49 +0000","twitter","tweet"
"2012-03-31 16:25:20 +0000","twitter","tweet"
"2012-03-31 15:57:37 +0000","twitter","tweet"
"2012-03-31 15:47:06 +0000","twitter","tweet"
"2012-03-31 13:41:43 +0000","twitter","tweet"
"2012-03-30 03:42:57 +0000","twitter","tweet"
"2012-03-29 11:19:05 +0000","twitter","tweet"
"2012-03-28 10:25:21 +0000","twitter","tweet"
"2012-03-27 19:22:34 +0000","twitter","tweet"
"2012-03-27 15:43:54 +0000","twitter","tweet"
"2012-03-27 11:24:31 +0000","twitter","tweet"
"2012-03-27 08:56:52 +0000","twitter","tweet"
"2012-03-27 08:40:44 +0000","twitter","tweet"
"2012-03-26 07:22:03 +0000","twitter","tweet"
"2012-03-24 17:15:32 +0000","twitter","tweet"
"2012-03-24 17:09:17 +0000","twitter","tweet"
"2012-03-23 11:14:18 +0000","twitter","tweet"
"2012-03-23 09:38:18 +0000","twitter","tweet"
"2012-03-22 07:20:26 +0000","twitter","tweet"
"2012-03-15 03:20:35 +0000","twitter","tweet"
"2012-03-14 12:08:01 +0000","twitter","tweet"
"2012-03-13 02:35:16 +0000","twitter","tweet"
"2012-02-29 02:59:14 +0000","twitter","tweet"
"2012-02-28 15:18:10 +0000","twitter","tweet"
"2012-02-10 08:11:16 +0000","twitter","tweet"
"2012-02-09 03:11:12 +0000","twitter","tweet"
"2012-02-01 04:04:14 +0000","twitter","tweet"
"2012-01-31 06:07:52 +0000","twitter","tweet"
"2012-01-26 10:38:24 +0000","twitter","tweet"
"2012-01-25 03:48:58 +0000","twitter","tweet"
"2012-01-25 03:28:39 +0000","twitter","tweet"
"2012-01-25 03:21:08 +0000","twitter","tweet"
"2012-01-24 01:58:59 +0000","twitter","tweet"
"2012-01-20 09:10:38 +0000","twitter","tweet"
"2012-01-20 09:04:55 +0000","twitter","tweet"
"2012-01-20 09:01:17 +0000","twitter","tweet"
"2012-01-20 02:14:43 +0000","twitter","tweet"
"2012-01-19 16:08:36 +0000","twitter","tweet"
"2012-01-19 07:35:30 +0000","twitter","tweet"
"2012-01-19 07:05:37 +0000","twitter","tweet"
"2012-01-19 03:22:22 +0000","twitter","tweet"
"2012-01-18 16:07:14 +0000","twitter","tweet"
"2012-01-18 07:15:46 +0000","twitter","tweet"
"2012-01-18 04:28:21 +0000","twitter","tweet"
"2012-01-17 03:56:35 +0000","twitter","tweet"
"2012-01-13 08:14:02 +0000","twitter","tweet"
"2012-01-13 07:59:14 +0000","twitter","tweet"
"2012-01-12 09:36:22 +0000","twitter","tweet"
"2012-01-12 02:53:21 +0000","twitter","tweet"
"2012-01-11 14:27:44 +0000","twitter","tweet"
"2012-01-11 08:39:17 +0000","twitter","tweet"
"2012-01-11 08:07:41 +0000","twitter","tweet"
"2012-01-10 16:28:58 +0000","twitter","tweet"
"2012-01-10 16:11:33 +0000","twitter","tweet"
"2012-01-10 16:11:32 +0000","twitter","tweet"
"2012-01-10 16:11:32 +0000","twitter","tweet"
"2012-01-10 04:28:06 +0000","twitter","tweet"
"2012-01-10 03:11:49 +0000","twitter","tweet"
"2012-01-05 11:01:47 +0000","twitter","tweet"
"2012-01-05 08:38:16 +0000","twitter","tweet"
"2012-01-04 13:50:02 +0000","twitter","tweet"
"2012-01-04 02:23:02 +0000","twitter","tweet"
"2011-12-28 07:47:28 +0000","twitter","tweet"
"2011-12-27 05:14:41 +0000","twitter","tweet"
"2011-12-26 09:09:08 +0000","twitter","tweet"
"2011-12-21 08:22:07 +0000","twitter","tweet"
"2011-12-21 03:00:43 +0000","twitter","tweet"
"2011-12-20 00:55:36 +0000","twitter","tweet"
"2011-12-19 03:27:24 +0000","twitter","tweet"
"2011-12-16 15:00:25 +0000","twitter","tweet"
"2011-12-16 11:15:21 +0000","twitter","tweet"
"2011-12-16 02:44:18 +0000","twitter","tweet"
"2011-12-16 01:13:09 +0000","twitter","tweet"
"2011-12-15 12:06:29 +0000","twitter","tweet"
"2011-12-15 04:59:22 +0000","twitter","tweet"
"2011-12-14 11:41:13 +0000","twitter","tweet"
"2011-12-14 09:51:02 +0000","twitter","tweet"
"2011-12-14 09:22:07 +0000","twitter","tweet"
"2011-12-13 04:05:41 +0000","twitter","tweet"
"2011-12-12 14:36:38 +0000","twitter","tweet"
"2011-12-12 08:26:10 +0000","twitter","tweet"
"2011-12-09 16:15:33 +0000","twitter","tweet"
"2011-12-09 16:11:28 +0000","twitter","tweet"
"2011-12-09 03:59:06 +0000","twitter","tweet"
"2011-12-08 15:45:27 +0000","twitter","tweet"
"2011-12-07 15:01:31 +0000","twitter","tweet"
"2011-12-07 11:19:30 +0000","twitter","tweet"
"2011-12-07 10:04:25 +0000","twitter","tweet"
"2011-12-07 08:42:03 +0000","twitter","tweet"
"2011-12-07 06:21:48 +0000","twitter","tweet"
"2011-12-07 06:03:58 +0000","twitter","tweet"
"2011-12-07 05:59:35 +0000","twitter","tweet"
"2011-12-07 05:50:20 +0000","twitter","tweet"
"2011-12-07 04:47:48 +0000","twitter","tweet"
"2011-12-07 03:37:01 +0000","twitter","tweet"
"2011-12-06 15:18:54 +0000","twitter","tweet"
"2011-12-06 06:46:52 +0000","twitter","tweet"
"2011-12-04 12:17:13 +0000","twitter","tweet"
"2011-12-02 10:31:25 +0000","twitter","tweet"
"2011-12-02 10:10:58 +0000","twitter","tweet"
"2011-12-02 04:06:50 +0000","twitter","tweet"
"2011-11-30 15:06:57 +0000","twitter","tweet"
"2011-11-30 11:31:50 +0000","twitter","tweet"
"2011-11-29 12:48:49 +0000","twitter","tweet"
"2011-11-29 04:03:53 +0000","twitter","tweet"
"2011-11-28 10:10:27 +0000","twitter","tweet"
"2011-11-28 02:46:39 +0000","twitter","tweet"
"2011-11-28 02:46:10 +0000","twitter","tweet"
"2011-11-28 02:44:02 +0000","twitter","tweet"
"2011-11-25 07:44:10 +0000","twitter","tweet"
"2011-11-24 15:57:40 +0000","twitter","tweet"
"2011-11-24 11:14:44 +0000","twitter","tweet"
"2011-11-24 08:25:51 +0000","twitter","tweet"
"2011-11-24 08:02:31 +0000","twitter","tweet"
"2011-11-24 07:05:37 +0000","twitter","tweet"
"2011-11-23 11:14:58 +0000","twitter","tweet"
"2011-11-22 07:22:36 +0000","twitter","tweet"
"2011-11-22 07:12:49 +0000","twitter","tweet"
"2011-11-22 07:09:31 +0000","twitter","tweet"
"2011-11-22 07:01:29 +0000","twitter","tweet"
"2011-11-22 06:47:06 +0000","twitter","tweet"
"2011-11-21 16:26:36 +0000","twitter","tweet"
"2011-11-21 07:42:33 +0000","twitter","tweet"
"2011-11-18 08:59:11 +0000","twitter","tweet"
"2011-11-18 06:03:11 +0000","twitter","tweet"
"2011-11-16 15:18:59 +0000","twitter","tweet"
"2011-11-15 10:50:13 +0000","twitter","tweet"
"2011-11-14 16:40:25 +0000","twitter","tweet"
"2011-11-14 03:37:00 +0000","twitter","tweet"
"2011-11-11 14:10:55 +0000","twitter","tweet"
"2011-11-10 13:47:45 +0000","twitter","tweet"
"2011-11-10 08:49:53 +0000","twitter","tweet"
"2011-11-10 04:11:28 +0000","twitter","tweet"
"2011-11-09 14:30:28 +0000","twitter","tweet"
"2011-11-09 07:22:39 +0000","twitter","tweet"
"2011-11-09 03:02:04 +0000","twitter","tweet"
"2011-11-09 02:28:41 +0000","twitter","tweet"
"2011-11-08 15:14:07 +0000","twitter","tweet"
"2011-11-08 14:57:29 +0000","twitter","tweet"
"2011-11-07 13:13:04 +0000","twitter","tweet"
"2011-11-05 03:44:55 +0000","twitter","tweet"
"2011-11-02 15:23:19 +0000","twitter","tweet"
"2011-11-02 11:07:08 +0000","twitter","tweet"
"2011-11-02 10:36:57 +0000","twitter","tweet"
"2011-11-02 10:25:54 +0000","twitter","tweet"
"2011-11-02 10:12:01 +0000","twitter","tweet"
"2011-11-02 10:11:18 +0000","twitter","tweet"
"2011-11-02 07:10:23 +0000","twitter","tweet"
"2011-11-01 06:49:49 +0000","twitter","tweet"
"2011-10-31 07:58:13 +0000","twitter","tweet"
"2011-10-30 15:55:21 +0000","twitter","tweet"
"2011-10-28 03:19:12 +0000","twitter","tweet"
"2011-10-27 03:20:24 +0000","twitter","tweet"
"2011-10-27 02:55:22 +0000","twitter","tweet"
"2011-10-26 16:13:17 +0000","twitter","tweet"
"2011-10-26 03:48:38 +0000","twitter","tweet"
"2011-10-26 03:37:27 +0000","twitter","tweet"
"2011-10-26 02:10:43 +0000","twitter","tweet"
"2011-10-25 08:59:04 +0000","twitter","tweet"
"2011-10-25 08:06:23 +0000","twitter","tweet"
"2011-10-23 14:09:43 +0000","twitter","tweet"
"2011-10-20 10:52:13 +0000","twitter","tweet"
"2011-10-18 13:15:43 +0000","twitter","tweet"
"2011-10-18 04:54:55 +0000","twitter","tweet"
"2011-10-18 04:21:15 +0000","twitter","tweet"
"2011-10-17 08:52:25 +0000","twitter","tweet"
"2011-10-17 02:05:25 +0000","twitter","tweet"
"2011-10-15 14:54:17 +0000","twitter","tweet"
"2011-10-14 10:13:50 +0000","twitter","tweet"
"2011-10-14 07:08:41 +0000","twitter","tweet"
"2011-10-14 01:45:41 +0000","twitter","tweet"
"2011-10-13 15:27:21 +0000","twitter","tweet"
"2011-10-13 14:42:57 +0000","twitter","tweet"
"2011-10-13 13:27:57 +0000","twitter","tweet"
"2011-10-13 02:34:03 +0000","twitter","tweet"
"2011-10-13 01:40:01 +0000","twitter","tweet"
"2011-10-12 07:20:25 +0000","twitter","tweet"
"2011-10-11 08:56:16 +0000","twitter","tweet"
"2011-10-11 08:20:07 +0000","twitter","tweet"
"2011-10-11 00:48:57 +0000","twitter","tweet"
"2011-10-07 05:14:33 +0000","twitter","tweet"
"2011-10-06 09:32:22 +0000","twitter","tweet"
"2011-10-06 03:38:14 +0000","twitter","tweet"
"2011-10-06 01:35:48 +0000","twitter","tweet"
"2011-10-04 18:40:57 +0000","twitter","tweet"
"2011-10-04 17:55:58 +0000","twitter","tweet"
"2011-10-04 17:51:37 +0000","twitter","tweet"
"2011-10-04 16:07:29 +0000","twitter","tweet"
"2011-10-04 04:40:02 +0000","twitter","tweet"
"2011-10-03 06:03:30 +0000","twitter","tweet"
"2011-10-03 03:16:02 +0000","twitter","tweet"
"2011-10-02 14:28:30 +0000","twitter","tweet"
"2011-09-30 15:30:45 +0000","twitter","tweet"
"2011-09-30 05:35:45 +0000","twitter","tweet"
"2011-09-30 05:18:43 +0000","twitter","tweet"
"2011-09-29 14:53:04 +0000","twitter","tweet"
"2011-09-29 07:32:34 +0000","twitter","tweet"
"2011-09-29 06:45:54 +0000","twitter","tweet"
"2011-09-28 14:39:59 +0000","twitter","tweet"
"2011-09-28 14:05:45 +0000","twitter","tweet"
"2011-09-28 02:32:08 +0000","twitter","tweet"
"2011-09-27 20:11:32 +0000","twitter","tweet"
"2011-09-27 17:46:15 +0000","twitter","tweet"
"2011-09-27 17:44:04 +0000","twitter","tweet"
"2011-09-27 03:52:42 +0000","twitter","tweet"
"2011-09-27 03:27:31 +0000","twitter","tweet"
"2011-09-26 14:17:20 +0000","twitter","tweet"
"2011-09-26 11:18:01 +0000","twitter","tweet"
"2011-09-26 02:12:03 +0000","twitter","tweet"
"2011-09-23 11:59:03 +0000","twitter","tweet"
"2011-09-23 11:07:52 +0000","twitter","tweet"
"2011-09-23 06:51:01 +0000","twitter","tweet"
"2011-09-22 20:32:38 +0000","twitter","tweet"
"2011-09-22 20:32:04 +0000","twitter","tweet"
"2011-09-22 17:36:32 +0000","twitter","tweet"
"2011-09-22 17:31:53 +0000","twitter","tweet"
"2011-09-22 17:24:24 +0000","twitter","tweet"
"2011-09-22 17:17:06 +0000","twitter","tweet"
"2011-09-22 08:06:57 +0000","twitter","tweet"
"2011-09-22 05:11:31 +0000","twitter","tweet"
"2011-09-22 00:11:30 +0000","twitter","tweet"
"2011-09-21 18:49:11 +0000","twitter","tweet"
"2011-09-21 16:54:05 +0000","twitter","tweet"
"2011-09-21 16:50:58 +0000","twitter","tweet"
"2011-09-21 09:14:29 +0000","twitter","tweet"
"2011-09-21 08:34:24 +0000","twitter","tweet"
"2011-09-20 03:42:00 +0000","twitter","tweet"
"2011-09-19 12:08:58 +0000","twitter","tweet"
"2011-09-19 10:01:06 +0000","twitter","tweet"
"2011-09-17 08:16:30 +0000","twitter","tweet"
"2011-09-16 14:26:08 +0000","twitter","tweet"
"2011-09-16 09:10:45 +0000","twitter","tweet"
"2011-09-16 07:19:33 +0000","twitter","tweet"
"2011-09-16 06:09:07 +0000","twitter","tweet"
"2011-09-16 03:51:14 +0000","twitter","tweet"
"2011-09-16 03:36:22 +0000","twitter","tweet"
"2011-09-15 14:22:53 +0000","twitter","tweet"
"2011-09-15 11:46:37 +0000","twitter","tweet"
"2011-09-15 08:18:35 +0000","twitter","tweet"
"2011-09-15 03:50:55 +0000","twitter","tweet"
"2011-09-15 03:39:31 +0000","twitter","tweet"
"2011-09-14 15:00:53 +0000","twitter","tweet"
"2011-09-14 12:54:07 +0000","twitter","tweet"
"2011-09-14 11:27:03 +0000","twitter","tweet"
"2011-09-13 06:10:15 +0000","twitter","tweet"
"2011-09-13 03:08:07 +0000","twitter","tweet"
"2011-09-12 14:10:16 +0000","twitter","tweet"
"2011-09-12 07:06:10 +0000","twitter","tweet"
"2011-09-12 03:59:00 +0000","twitter","tweet"
"2011-09-11 09:31:57 +0000","twitter","tweet"
"2011-09-10 08:48:12 +0000","twitter","tweet"
"2011-09-10 06:52:58 +0000","twitter","tweet"
"2011-09-09 08:05:56 +0000","twitter","tweet"
"2011-09-09 03:27:06 +0000","twitter","tweet"
"2011-09-08 19:08:19 +0000","twitter","tweet"
"2011-09-08 16:28:22 +0000","twitter","tweet"
"2011-09-08 10:29:21 +0000","twitter","tweet"
"2011-09-08 10:24:49 +0000","twitter","tweet"
"2011-09-08 04:25:59 +0000","twitter","tweet"
"2011-09-08 03:26:42 +0000","twitter","tweet"
"2011-09-08 03:17:24 +0000","twitter","tweet"
"2011-09-07 09:58:16 +0000","twitter","tweet"
"2011-09-07 04:44:33 +0000","twitter","tweet"
"2011-09-07 02:18:27 +0000","twitter","tweet"
"2011-09-06 06:01:33 +0000","twitter","tweet"
"2011-09-06 04:25:47 +0000","twitter","tweet"
"2011-09-06 04:25:46 +0000","twitter","tweet"
"2011-09-05 13:52:41 +0000","twitter","tweet"
"2011-09-03 06:25:39 +0000","twitter","tweet"
"2011-09-02 11:59:10 +0000","twitter","tweet"
"2011-09-02 11:35:15 +0000","twitter","tweet"
"2011-09-02 06:03:56 +0000","twitter","tweet"
"2011-09-01 16:49:37 +0000","twitter","tweet"
"2011-09-01 10:52:55 +0000","twitter","tweet"
"2011-09-01 08:25:49 +0000","twitter","tweet"
"2011-09-01 06:40:08 +0000","twitter","tweet"
"2011-09-01 03:39:17 +0000","twitter","tweet"
"2011-09-01 03:24:44 +0000","twitter","tweet"
"2011-08-31 14:00:37 +0000","twitter","tweet"
"2011-08-31 13:46:02 +0000","twitter","tweet"
"2011-08-31 13:38:56 +0000","twitter","tweet"
"2011-08-31 09:35:00 +0000","twitter","tweet"
"2011-08-31 09:34:06 +0000","twitter","tweet"
"2011-08-31 05:40:14 +0000","twitter","tweet"
"2011-08-31 03:36:36 +0000","twitter","tweet"
"2011-08-31 02:40:23 +0000","twitter","tweet"
"2011-08-30 14:42:45 +0000","twitter","tweet"
"2011-08-30 11:15:16 +0000","twitter","tweet"
"2011-08-30 10:14:07 +0000","twitter","tweet"
"2011-08-30 10:10:32 +0000","twitter","tweet"
"2011-08-30 09:32:36 +0000","twitter","tweet"
"2011-08-30 07:18:55 +0000","twitter","tweet"
"2011-08-30 06:44:33 +0000","twitter","tweet"
"2011-08-30 04:03:49 +0000","twitter","tweet"
"2011-08-30 03:38:15 +0000","twitter","tweet"
"2011-08-30 01:18:33 +0000","twitter","tweet"
"2011-08-29 18:19:43 +0000","twitter","tweet"
"2011-08-29 10:39:04 +0000","twitter","tweet"
"2011-08-29 10:22:05 +0000","twitter","tweet"
"2011-08-29 08:45:51 +0000","twitter","tweet"
"2011-08-29 08:25:33 +0000","twitter","tweet"
"2011-08-29 07:44:12 +0000","twitter","tweet"
"2011-08-29 05:50:46 +0000","twitter","tweet"
"2011-08-29 03:34:16 +0000","twitter","tweet"
"2011-08-29 03:06:45 +0000","twitter","tweet"
"2011-08-26 06:29:11 +0000","twitter","tweet"
"2011-08-26 06:12:47 +0000","twitter","tweet"
"2011-08-25 18:04:39 +0000","twitter","tweet"
"2011-08-25 07:00:55 +0000","twitter","tweet"
"2011-08-24 10:44:33 +0000","twitter","tweet"
"2011-08-24 08:07:06 +0000","twitter","tweet"
"2011-08-24 07:56:44 +0000","twitter","tweet"
"2011-08-24 07:37:15 +0000","twitter","tweet"
"2011-08-24 07:28:35 +0000","twitter","tweet"
"2011-08-24 06:07:16 +0000","twitter","tweet"
"2011-08-23 14:18:14 +0000","twitter","tweet"
"2011-08-23 14:16:57 +0000","twitter","tweet"
"2011-08-23 08:18:38 +0000","twitter","tweet"
"2011-08-23 07:40:59 +0000","twitter","tweet"
"2011-08-23 02:26:21 +0000","twitter","tweet"
"2011-08-22 14:35:48 +0000","twitter","tweet"
"2011-08-22 14:06:16 +0000","twitter","tweet"
"2011-08-22 06:54:23 +0000","twitter","tweet"
"2011-08-22 02:17:23 +0000","twitter","tweet"
"2011-08-19 13:58:15 +0000","twitter","tweet"
"2011-08-19 05:49:34 +0000","twitter","tweet"
"2011-08-19 05:41:52 +0000","twitter","tweet"
"2011-08-16 13:52:09 +0000","twitter","tweet"
"2011-08-15 07:51:23 +0000","twitter","tweet"
"2011-08-15 00:40:48 +0000","twitter","tweet"
"2011-08-14 12:44:12 +0000","twitter","tweet"
"2011-08-14 12:14:31 +0000","twitter","tweet"
"2011-08-14 01:02:12 +0000","twitter","tweet"
"2011-08-13 10:02:53 +0000","twitter","tweet"
"2011-08-12 05:29:32 +0000","twitter","tweet"
"2011-08-12 03:32:07 +0000","twitter","tweet"
"2011-08-12 02:13:46 +0000","twitter","tweet"
"2011-08-12 02:12:43 +0000","twitter","tweet"
"2011-08-12 02:06:19 +0000","twitter","tweet"
"2011-08-11 18:24:25 +0000","twitter","tweet"
"2011-08-11 17:54:54 +0000","twitter","tweet"
"2011-08-11 16:32:36 +0000","twitter","tweet"
"2011-08-11 16:05:11 +0000","twitter","tweet"
"2011-08-11 14:07:44 +0000","twitter","tweet"
"2011-08-11 13:55:47 +0000","twitter","tweet"
"2011-08-11 11:22:14 +0000","twitter","tweet"
"2011-08-11 02:20:12 +0000","twitter","tweet"
"2011-08-10 16:34:05 +0000","twitter","tweet"
"2011-08-10 09:18:45 +0000","twitter","tweet"
"2011-08-10 08:50:24 +0000","twitter","tweet"
"2011-08-10 04:31:55 +0000","twitter","tweet"
"2011-08-09 13:37:13 +0000","twitter","tweet"
"2011-08-09 12:24:38 +0000","twitter","tweet"
"2011-08-09 11:15:03 +0000","twitter","tweet"
"2011-08-08 09:45:14 +0000","twitter","tweet"
"2011-08-07 17:45:29 +0000","twitter","tweet"
"2011-08-07 14:41:25 +0000","twitter","tweet"
"2011-08-07 13:45:03 +0000","twitter","tweet"
"2011-08-07 13:42:29 +0000","twitter","tweet"
"2011-08-07 13:31:23 +0000","twitter","tweet"
"2011-08-07 04:56:13 +0000","twitter","tweet"
"2011-08-07 02:50:58 +0000","twitter","tweet"
"2011-08-06 05:07:43 +0000","twitter","tweet"
"2011-08-06 04:47:00 +0000","twitter","tweet"
"2011-08-06 04:21:21 +0000","twitter","tweet"
"2011-08-05 07:17:34 +0000","twitter","tweet"
"2011-08-04 05:48:37 +0000","twitter","tweet"
"2011-08-04 01:57:39 +0000","twitter","tweet"
"2011-08-03 16:28:42 +0000","twitter","tweet"
"2011-08-03 16:23:28 +0000","twitter","tweet"
"2011-08-03 16:20:32 +0000","twitter","tweet"
"2011-08-03 15:23:35 +0000","twitter","tweet"
"2011-08-03 09:39:37 +0000","twitter","tweet"
"2011-08-03 08:45:41 +0000","twitter","tweet"
"2011-08-03 03:47:21 +0000","twitter","tweet"
"2011-08-02 11:38:36 +0000","twitter","tweet"
"2011-08-02 07:02:51 +0000","twitter","tweet"
"2011-08-02 04:27:25 +0000","twitter","tweet"
"2011-08-02 03:46:26 +0000","twitter","tweet"
"2011-08-01 15:04:50 +0000","twitter","tweet"
"2011-08-01 14:59:28 +0000","twitter","tweet"
"2011-08-01 06:51:30 +0000","twitter","tweet"
"2011-08-01 04:22:31 +0000","twitter","tweet"
"2011-08-01 03:30:36 +0000","twitter","tweet"
"2011-07-31 13:48:58 +0000","twitter","tweet"
"2011-07-31 11:31:49 +0000","twitter","tweet"
"2011-07-31 10:34:01 +0000","twitter","tweet"
"2011-07-31 06:16:28 +0000","twitter","tweet"
"2011-07-31 05:06:48 +0000","twitter","tweet"
"2011-07-31 05:00:06 +0000","twitter","tweet"
"2011-07-31 04:03:08 +0000","twitter","tweet"
"2011-07-30 18:56:25 +0000","twitter","tweet"
"2011-07-30 14:26:42 +0000","twitter","tweet"
"2011-07-29 06:56:30 +0000","twitter","tweet"
"2011-07-29 06:54:13 +0000","twitter","tweet"
"2011-07-28 16:52:53 +0000","twitter","tweet"
"2011-07-28 10:23:29 +0000","twitter","tweet"
"2011-07-28 09:48:46 +0000","twitter","tweet"
"2011-07-27 07:03:53 +0000","twitter","tweet"
"2011-07-27 06:56:11 +0000","twitter","tweet"
"2011-07-27 06:38:23 +0000","twitter","tweet"
"2011-07-27 06:34:53 +0000","twitter","tweet"
"2011-07-26 03:22:36 +0000","twitter","tweet"
"2011-07-26 03:11:17 +0000","twitter","tweet"
"2011-07-25 17:17:59 +0000","twitter","tweet"
"2011-07-25 17:14:55 +0000","twitter","tweet"
"2011-07-25 15:32:45 +0000","twitter","tweet"
"2011-07-25 15:20:19 +0000","twitter","tweet"
"2011-07-25 13:24:44 +0000","twitter","tweet"
"2011-07-25 11:57:06 +0000","twitter","tweet"
"2011-07-25 09:30:56 +0000","twitter","tweet"
"2011-07-25 07:16:52 +0000","twitter","tweet"
"2011-07-25 04:54:17 +0000","twitter","tweet"
"2011-07-25 04:53:42 +0000","twitter","tweet"
"2011-07-25 04:49:24 +0000","twitter","tweet"
"2011-07-25 04:47:42 +0000","twitter","tweet"
"2011-07-24 18:57:38 +0000","twitter","tweet"
"2011-07-24 18:54:03 +0000","twitter","tweet"
"2011-07-23 15:56:26 +0000","twitter","tweet"
"2011-07-23 15:52:22 +0000","twitter","tweet"
"2011-07-23 15:09:10 +0000","twitter","tweet"
"2011-07-23 14:22:15 +0000","twitter","tweet"
"2011-07-23 13:55:53 +0000","twitter","tweet"
"2011-07-22 14:05:55 +0000","twitter","tweet"
"2011-07-22 12:43:27 +0000","twitter","tweet"
"2011-07-22 11:09:06 +0000","twitter","tweet"
"2011-07-22 10:23:29 +0000","twitter","tweet"
"2011-07-22 07:33:17 +0000","twitter","tweet"
"2011-07-22 05:58:15 +0000","twitter","tweet"
"2011-07-22 05:50:59 +0000","twitter","tweet"
"2011-07-22 03:52:38 +0000","twitter","tweet"
"2011-07-22 03:42:47 +0000","twitter","tweet"
"2011-07-22 03:24:14 +0000","twitter","tweet"
"2011-07-21 15:32:35 +0000","twitter","tweet"
"2011-07-21 12:15:59 +0000","twitter","tweet"
"2011-07-21 11:16:36 +0000","twitter","tweet"
"2011-07-21 10:06:26 +0000","twitter","tweet"
"2011-07-21 09:19:39 +0000","twitter","tweet"
"2011-07-21 03:22:44 +0000","twitter","tweet"
"2011-07-20 14:15:26 +0000","twitter","tweet"
"2011-07-20 13:12:24 +0000","twitter","tweet"
"2011-07-20 13:01:09 +0000","twitter","tweet"
"2011-07-20 12:49:25 +0000","twitter","tweet"
"2011-07-20 11:02:17 +0000","twitter","tweet"
"2011-07-20 09:44:49 +0000","twitter","tweet"
"2011-07-19 11:37:24 +0000","twitter","tweet"
"2011-07-19 09:41:41 +0000","twitter","tweet"
"2011-07-19 09:35:45 +0000","twitter","tweet"
"2011-07-19 08:31:44 +0000","twitter","tweet"
"2011-07-19 08:31:23 +0000","twitter","tweet"
"2011-07-19 03:11:29 +0000","twitter","tweet"
"2011-07-19 03:07:13 +0000","twitter","tweet"
"2011-07-18 06:04:20 +0000","twitter","tweet"
"2011-07-17 16:30:41 +0000","twitter","tweet"
"2011-07-17 15:11:22 +0000","twitter","tweet"
"2011-07-17 08:14:06 +0000","twitter","tweet"
"2011-07-17 03:21:40 +0000","twitter","tweet"
"2011-07-17 01:46:31 +0000","twitter","tweet"
"2011-07-16 15:30:29 +0000","twitter","tweet"
"2011-07-16 15:07:30 +0000","twitter","tweet"
"2011-07-16 08:02:54 +0000","twitter","tweet"
"2011-07-16 06:53:06 +0000","twitter","tweet"
"2011-07-16 06:00:15 +0000","twitter","tweet"
"2011-07-16 02:29:15 +0000","twitter","tweet"
"2011-07-16 01:54:55 +0000","twitter","tweet"
"2011-07-15 10:08:56 +0000","twitter","tweet"
"2011-07-15 08:34:33 +0000","twitter","tweet"
"2011-07-15 03:48:31 +0000","twitter","tweet"
"2011-07-15 01:45:32 +0000","twitter","tweet"
"2011-07-14 10:27:52 +0000","twitter","tweet"
"2011-07-14 09:45:58 +0000","twitter","tweet"
"2011-07-14 04:05:51 +0000","twitter","tweet"
"2011-07-14 04:03:57 +0000","twitter","tweet"
"2011-07-14 03:55:00 +0000","twitter","tweet"
"2011-07-14 03:50:28 +0000","twitter","tweet"
"2011-07-14 03:44:55 +0000","twitter","tweet"
"2011-07-13 10:17:26 +0000","twitter","tweet"
"2011-07-13 09:39:16 +0000","twitter","tweet"
"2011-07-13 08:58:46 +0000","twitter","tweet"
"2011-07-13 08:36:53 +0000","twitter","tweet"
"2011-07-13 02:07:28 +0000","twitter","tweet"
"2011-07-13 02:04:01 +0000","twitter","tweet"
"2011-07-12 08:02:08 +0000","twitter","tweet"
"2011-07-12 06:52:26 +0000","twitter","tweet"
"2011-07-12 03:48:36 +0000","twitter","tweet"
"2011-07-12 02:50:51 +0000","twitter","tweet"
"2011-07-12 02:45:39 +0000","twitter","tweet"
"2011-07-11 11:32:10 +0000","twitter","tweet"
"2011-07-11 10:18:58 +0000","twitter","tweet"
"2011-07-11 08:20:09 +0000","twitter","tweet"
"2011-07-11 08:14:28 +0000","twitter","tweet"
"2011-07-11 03:51:24 +0000","twitter","tweet"
"2011-07-11 03:51:24 +0000","twitter","tweet"
"2011-07-10 01:11:30 +0000","twitter","tweet"
"2011-07-10 01:02:35 +0000","twitter","tweet"
"2011-07-08 14:22:04 +0000","twitter","tweet"
"2011-07-08 11:34:19 +0000","twitter","tweet"
"2011-07-08 09:37:02 +0000","twitter","tweet"
"2011-07-08 05:44:42 +0000","twitter","tweet"
"2011-07-08 03:39:15 +0000","twitter","tweet"
"2011-07-07 15:13:59 +0000","twitter","tweet"
"2011-07-07 11:02:01 +0000","twitter","tweet"
"2011-07-07 06:45:43 +0000","twitter","tweet"
"2011-07-07 06:43:40 +0000","twitter","tweet"
"2011-07-06 17:30:47 +0000","twitter","tweet"
"2011-07-06 17:28:55 +0000","twitter","tweet"
"2011-07-06 16:57:08 +0000","twitter","tweet"
"2011-07-06 15:22:01 +0000","twitter","tweet"
"2011-07-06 15:17:18 +0000","twitter","tweet"
"2011-07-05 15:43:46 +0000","twitter","tweet"
"2011-07-05 15:26:05 +0000","twitter","tweet"
"2011-07-05 07:43:34 +0000","twitter","tweet"
"2011-07-05 02:38:09 +0000","twitter","tweet"
"2011-07-05 02:22:01 +0000","twitter","tweet"
"2011-07-04 07:00:57 +0000","twitter","tweet"
"2011-07-04 06:58:21 +0000","twitter","tweet"
"2011-07-04 06:19:01 +0000","twitter","tweet"
"2011-07-03 12:45:18 +0000","twitter","tweet"
"2011-07-02 12:34:56 +0000","twitter","tweet"
"2011-07-01 12:30:49 +0000","twitter","tweet"
"2011-07-01 11:26:36 +0000","twitter","tweet"
"2011-07-01 09:57:50 +0000","twitter","tweet"
"2011-07-01 09:25:26 +0000","twitter","tweet"
"2011-07-01 06:38:18 +0000","twitter","tweet"
"2011-07-01 06:20:52 +0000","twitter","tweet"
"2011-07-01 05:00:57 +0000","twitter","tweet"
"2011-06-30 15:16:14 +0000","twitter","tweet"
"2011-06-30 12:59:40 +0000","twitter","tweet"
"2011-06-30 12:50:40 +0000","twitter","tweet"
"2011-06-30 07:56:38 +0000","twitter","tweet"
"2011-06-30 07:15:06 +0000","twitter","tweet"
"2011-06-30 03:50:04 +0000","twitter","tweet"
"2011-06-30 03:46:30 +0000","twitter","tweet"
"2011-06-30 03:27:21 +0000","twitter","tweet"
"2011-06-30 03:25:37 +0000","twitter","tweet"
"2011-06-29 03:02:14 +0000","twitter","tweet"
"2011-06-29 02:05:06 +0000","twitter","tweet"
"2011-06-28 09:05:55 +0000","twitter","tweet"
"2011-06-28 06:07:11 +0000","twitter","tweet"
"2011-06-28 05:46:24 +0000","twitter","tweet"
"2011-06-28 04:21:51 +0000","twitter","tweet"
"2011-06-27 11:19:56 +0000","twitter","tweet"
"2011-06-24 05:35:34 +0000","twitter","tweet"
"2011-06-24 02:50:16 +0000","twitter","tweet"
"2011-06-23 12:39:56 +0000","twitter","tweet"
"2011-06-23 12:35:59 +0000","twitter","tweet"
"2011-06-23 11:06:06 +0000","twitter","tweet"
"2011-06-23 06:35:37 +0000","twitter","tweet"
"2011-06-23 03:07:15 +0000","twitter","tweet"
"2011-06-23 02:01:12 +0000","twitter","tweet"
"2011-06-22 17:01:34 +0000","twitter","tweet"
"2011-06-22 10:30:00 +0000","twitter","tweet"
"2011-06-22 06:54:22 +0000","twitter","tweet"
"2011-06-22 04:23:22 +0000","twitter","tweet"
"2011-06-22 03:59:47 +0000","twitter","tweet"
"2011-06-22 03:25:43 +0000","twitter","tweet"
"2011-06-22 03:20:18 +0000","twitter","tweet"
"2011-06-21 14:32:50 +0000","twitter","tweet"
"2011-06-21 10:57:08 +0000","twitter","tweet"
"2011-06-21 09:03:36 +0000","twitter","tweet"
"2011-06-21 08:51:49 +0000","twitter","tweet"
"2011-06-21 06:29:35 +0000","twitter","tweet"
"2011-06-21 04:16:59 +0000","twitter","tweet"
"2011-06-21 04:16:36 +0000","twitter","tweet"
"2011-06-21 03:13:45 +0000","twitter","tweet"
"2011-06-21 03:11:28 +0000","twitter","tweet"
"2011-06-20 04:01:16 +0000","twitter","tweet"
"2011-06-18 15:05:38 +0000","twitter","tweet"
"2011-06-18 10:00:05 +0000","twitter","tweet"
"2011-06-18 05:52:23 +0000","twitter","tweet"
"2011-06-17 10:22:28 +0000","twitter","tweet"
"2011-06-17 10:20:25 +0000","twitter","tweet"
"2011-06-17 04:29:21 +0000","twitter","tweet"
"2011-06-17 04:18:02 +0000","twitter","tweet"
"2011-06-17 03:27:23 +0000","twitter","tweet"
"2011-06-16 17:19:44 +0000","twitter","tweet"
"2011-06-16 07:56:58 +0000","twitter","tweet"
"2011-06-16 04:04:50 +0000","twitter","tweet"
"2011-06-15 08:23:00 +0000","twitter","tweet"
"2011-06-14 17:08:02 +0000","twitter","tweet"
"2011-06-14 16:54:31 +0000","twitter","tweet"
"2011-06-14 16:53:26 +0000","twitter","tweet"
"2011-06-14 16:31:41 +0000","twitter","tweet"
"2011-06-14 16:20:04 +0000","twitter","tweet"
"2011-06-14 14:32:06 +0000","twitter","tweet"
"2011-06-14 10:35:38 +0000","twitter","tweet"
"2011-06-14 09:12:00 +0000","twitter","tweet"
"2011-06-14 04:37:07 +0000","twitter","tweet"
"2011-06-14 03:33:14 +0000","twitter","tweet"
"2011-06-14 03:25:40 +0000","twitter","tweet"
"2011-06-13 10:35:52 +0000","twitter","tweet"
"2011-06-13 08:33:58 +0000","twitter","tweet"
"2011-06-13 02:16:22 +0000","twitter","tweet"
"2011-06-12 13:54:52 +0000","twitter","tweet"
"2011-06-12 13:53:00 +0000","twitter","tweet"
"2011-06-12 09:56:25 +0000","twitter","tweet"
"2011-06-12 09:53:21 +0000","twitter","tweet"
"2011-06-12 09:50:35 +0000","twitter","tweet"
"2011-06-12 06:14:49 +0000","twitter","tweet"
"2011-06-11 11:26:34 +0000","twitter","tweet"
"2011-06-11 10:03:25 +0000","twitter","tweet"
"2011-06-11 04:21:17 +0000","twitter","tweet"
"2011-06-11 04:21:17 +0000","twitter","tweet"
"2011-06-10 09:17:04 +0000","twitter","tweet"
"2011-06-10 05:06:42 +0000","twitter","tweet"
"2011-06-09 10:42:13 +0000","twitter","tweet"
"2011-06-09 08:33:51 +0000","twitter","tweet"
"2011-06-09 03:39:23 +0000","twitter","tweet"
"2011-06-09 03:20:58 +0000","twitter","tweet"
"2011-06-09 03:19:54 +0000","twitter","tweet"
"2011-06-08 16:34:41 +0000","twitter","tweet"
"2011-06-08 15:54:04 +0000","twitter","tweet"
"2011-06-08 10:59:55 +0000","twitter","tweet"
"2011-06-08 07:28:18 +0000","twitter","tweet"
"2011-06-08 06:17:45 +0000","twitter","tweet"
"2011-06-08 06:16:00 +0000","twitter","tweet"
"2011-06-07 17:07:58 +0000","twitter","tweet"
"2011-06-07 17:00:30 +0000","twitter","tweet"
"2011-06-07 15:25:02 +0000","twitter","tweet"
"2011-06-07 04:53:12 +0000","twitter","tweet"
"2011-06-06 17:46:23 +0000","twitter","tweet"
"2011-06-06 17:04:53 +0000","twitter","tweet"
"2011-06-06 13:04:04 +0000","twitter","tweet"
"2011-06-06 07:22:16 +0000","twitter","tweet"
"2011-06-06 07:20:14 +0000","twitter","tweet"
"2011-06-06 04:20:50 +0000","twitter","tweet"
"2011-06-05 12:06:43 +0000","twitter","tweet"
"2011-06-03 05:22:53 +0000","twitter","tweet"
"2011-06-03 04:58:08 +0000","twitter","tweet"
"2011-06-02 19:04:34 +0000","twitter","tweet"
"2011-06-02 13:34:51 +0000","twitter","tweet"
"2011-06-02 03:34:40 +0000","twitter","tweet"
"2011-06-01 05:59:56 +0000","twitter","tweet"
"2011-05-31 09:57:12 +0000","twitter","tweet"
"2011-05-31 04:22:17 +0000","twitter","tweet"
"2011-05-31 03:34:33 +0000","twitter","tweet"
"2011-05-30 02:25:45 +0000","twitter","tweet"
"2011-05-29 04:56:34 +0000","twitter","tweet"
"2011-05-29 03:39:35 +0000","twitter","tweet"
"2011-05-28 15:42:50 +0000","twitter","tweet"
"2011-05-27 16:16:22 +0000","twitter","tweet"
"2011-05-27 04:29:26 +0000","twitter","tweet"
"2011-05-26 16:45:33 +0000","twitter","tweet"
"2011-05-26 14:17:12 +0000","twitter","tweet"
"2011-05-26 13:56:39 +0000","twitter","tweet"
"2011-05-26 04:10:46 +0000","twitter","tweet"
"2011-05-26 03:07:05 +0000","twitter","tweet"
"2011-05-25 02:11:51 +0000","twitter","tweet"
"2011-05-25 00:21:30 +0000","twitter","tweet"
"2011-05-24 11:52:57 +0000","twitter","tweet"
"2011-05-24 10:23:36 +0000","twitter","tweet"
"2011-05-24 06:08:31 +0000","twitter","tweet"
"2011-05-24 05:03:58 +0000","twitter","tweet"
"2011-05-23 16:58:02 +0000","twitter","tweet"
"2011-05-23 16:49:38 +0000","twitter","tweet"
"2011-05-23 16:34:36 +0000","twitter","tweet"
"2011-05-23 09:49:20 +0000","twitter","tweet"
"2011-05-23 03:46:29 +0000","twitter","tweet"
"2011-05-23 03:34:27 +0000","twitter","tweet"
"2011-05-23 00:04:13 +0000","twitter","tweet"
"2011-05-22 23:55:03 +0000","twitter","tweet"
"2011-05-22 14:49:29 +0000","twitter","tweet"
"2011-05-22 05:54:04 +0000","twitter","tweet"
"2011-05-21 22:09:30 +0000","twitter","tweet"
"2011-05-21 18:42:09 +0000","twitter","tweet"
"2011-05-21 11:20:30 +0000","twitter","tweet"
"2011-05-20 17:05:11 +0000","twitter","tweet"
"2011-05-20 16:51:40 +0000","twitter","tweet"
"2011-05-20 08:57:12 +0000","twitter","tweet"
"2011-05-19 12:07:28 +0000","twitter","tweet"
"2011-05-19 11:07:12 +0000","twitter","tweet"
"2011-05-19 10:13:12 +0000","twitter","tweet"
"2011-05-19 08:50:36 +0000","twitter","tweet"
"2011-05-19 03:33:51 +0000","twitter","tweet"
"2011-05-18 06:23:17 +0000","twitter","tweet"
"2011-05-17 14:27:54 +0000","twitter","tweet"
"2011-05-17 13:51:13 +0000","twitter","tweet"
"2011-05-17 13:29:27 +0000","twitter","tweet"
"2011-05-17 13:23:28 +0000","twitter","tweet"
"2011-05-17 13:14:44 +0000","twitter","tweet"
"2011-05-17 10:14:54 +0000","twitter","tweet"
"2011-05-17 09:39:18 +0000","twitter","tweet"
"2011-05-17 05:57:06 +0000","twitter","tweet"
"2011-05-16 16:18:41 +0000","twitter","tweet"
"2011-05-16 14:57:39 +0000","twitter","tweet"
"2011-05-16 12:14:55 +0000","twitter","tweet"
"2011-05-16 11:24:34 +0000","twitter","tweet"
"2011-05-16 08:04:57 +0000","twitter","tweet"
"2011-05-16 08:00:31 +0000","twitter","tweet"
"2011-05-16 05:18:02 +0000","twitter","tweet"
"2011-05-15 11:14:10 +0000","twitter","tweet"
"2011-05-14 16:47:20 +0000","twitter","tweet"
"2011-05-14 14:41:59 +0000","twitter","tweet"
"2011-05-13 09:52:02 +0000","twitter","tweet"
"2011-05-13 03:45:58 +0000","twitter","tweet"
"2011-05-12 13:22:06 +0000","twitter","tweet"
"2011-05-12 11:53:00 +0000","twitter","tweet"
"2011-05-12 05:46:38 +0000","twitter","tweet"
"2011-05-12 04:34:12 +0000","twitter","tweet"
"2011-05-12 04:01:53 +0000","twitter","tweet"
"2011-05-11 15:17:22 +0000","twitter","tweet"
"2011-05-10 10:52:23 +0000","twitter","tweet"
"2011-05-10 04:50:26 +0000","twitter","tweet"
"2011-05-09 09:07:55 +0000","twitter","tweet"
"2011-05-09 03:19:17 +0000","twitter","tweet"
"2011-05-09 01:28:22 +0000","twitter","tweet"
"2011-05-08 14:01:33 +0000","twitter","tweet"
"2011-05-08 13:34:17 +0000","twitter","tweet"
"2011-05-08 00:12:26 +0000","twitter","tweet"
"2011-05-07 21:18:15 +0000","twitter","tweet"
"2011-05-07 20:25:56 +0000","twitter","tweet"
"2011-05-07 16:55:22 +0000","twitter","tweet"
"2011-05-07 16:16:05 +0000","twitter","tweet"
"2011-05-07 10:17:53 +0000","twitter","tweet"
"2011-05-06 13:35:16 +0000","twitter","tweet"
"2011-05-06 05:40:14 +0000","twitter","tweet"
"2011-05-04 15:09:33 +0000","twitter","tweet"
"2011-05-04 10:56:06 +0000","twitter","tweet"
"2011-05-04 07:21:21 +0000","twitter","tweet"
"2011-05-03 08:48:33 +0000","twitter","tweet"
"2011-05-01 10:39:51 +0000","twitter","tweet"
"2011-04-28 12:16:42 +0000","twitter","tweet"
"2011-04-27 17:06:17 +0000","twitter","tweet"
"2011-04-27 16:08:56 +0000","twitter","tweet"
"2011-04-27 14:06:58 +0000","twitter","tweet"
"2011-04-27 05:01:45 +0000","twitter","tweet"
"2011-04-26 11:24:57 +0000","twitter","tweet"
"2011-04-22 09:05:36 +0000","twitter","tweet"
"2011-04-22 06:24:36 +0000","twitter","tweet"
"2011-04-22 03:09:27 +0000","twitter","tweet"
"2011-04-21 12:21:38 +0000","twitter","tweet"
"2011-04-21 12:15:23 +0000","twitter","tweet"
"2011-04-21 05:15:34 +0000","twitter","tweet"
"2011-04-20 09:08:53 +0000","twitter","tweet"
"2011-04-20 08:27:28 +0000","twitter","tweet"
"2011-04-20 07:09:13 +0000","twitter","tweet"
"2011-04-20 05:37:56 +0000","twitter","tweet"
"2011-04-19 08:49:14 +0000","twitter","tweet"
"2011-04-17 15:24:23 +0000","twitter","tweet"
"2011-04-15 04:55:41 +0000","twitter","tweet"
"2011-04-14 12:22:06 +0000","twitter","tweet"
"2011-04-13 06:33:59 +0000","twitter","tweet"
"2011-04-12 12:24:22 +0000","twitter","tweet"
"2011-04-12 12:05:01 +0000","twitter","tweet"
"2011-04-12 10:52:21 +0000","twitter","tweet"
"2011-04-12 02:14:50 +0000","twitter","tweet"
"2011-04-12 00:41:03 +0000","twitter","tweet"
"2011-04-12 00:33:20 +0000","twitter","tweet"
"2011-04-11 23:10:42 +0000","twitter","tweet"
"2011-04-11 08:50:55 +0000","twitter","tweet"
"2011-04-11 08:40:19 +0000","twitter","tweet"
"2011-04-11 05:30:29 +0000","twitter","tweet"
"2011-04-10 16:30:49 +0000","twitter","tweet"
"2011-04-09 07:24:44 +0000","twitter","tweet"
"2011-04-08 07:21:21 +0000","twitter","tweet"
"2011-04-08 06:00:24 +0000","twitter","tweet"
"2011-04-07 15:22:11 +0000","twitter","tweet"
"2011-04-07 15:18:58 +0000","twitter","tweet"
"2011-04-07 14:38:27 +0000","twitter","tweet"
"2011-04-07 12:56:49 +0000","twitter","tweet"
"2011-04-07 11:42:22 +0000","twitter","tweet"
"2011-04-07 08:59:14 +0000","twitter","tweet"
"2011-04-07 06:28:15 +0000","twitter","tweet"
"2011-04-07 05:58:43 +0000","twitter","tweet"
"2011-04-06 01:47:42 +0000","twitter","tweet"
"2011-04-06 01:43:55 +0000","twitter","tweet"
"2011-04-05 14:29:37 +0000","twitter","tweet"
"2011-04-05 12:45:54 +0000","twitter","tweet"
"2011-04-05 08:25:34 +0000","twitter","tweet"
"2011-04-05 05:32:35 +0000","twitter","tweet"
"2011-04-05 03:34:44 +0000","twitter","tweet"
"2011-04-04 12:51:30 +0000","twitter","tweet"
"2011-04-04 12:02:48 +0000","twitter","tweet"
"2011-04-04 09:36:44 +0000","twitter","tweet"
"2011-04-04 08:19:35 +0000","twitter","tweet"
"2011-04-01 13:51:43 +0000","twitter","tweet"
"2011-04-01 08:17:33 +0000","twitter","tweet"
"2011-04-01 06:06:45 +0000","twitter","tweet"
"2011-03-30 04:45:44 +0000","twitter","tweet"
"2011-03-30 03:18:46 +0000","twitter","tweet"
"2011-03-29 15:38:38 +0000","twitter","tweet"
"2011-03-29 10:26:34 +0000","twitter","tweet"
"2011-03-27 13:17:48 +0000","twitter","tweet"
"2011-03-27 11:55:29 +0000","twitter","tweet"
"2011-03-25 11:12:39 +0000","twitter","tweet"
"2011-03-25 08:43:39 +0000","twitter","tweet"
"2011-03-25 03:48:02 +0000","twitter","tweet"
"2011-03-25 03:42:17 +0000","twitter","tweet"
"2011-03-24 16:39:18 +0000","twitter","tweet"
"2011-03-24 09:42:43 +0000","twitter","tweet"
"2011-03-24 03:43:53 +0000","twitter","tweet"
"2011-03-23 11:53:49 +0000","twitter","tweet"
"2011-03-22 10:25:06 +0000","twitter","tweet"
"2011-03-22 10:24:12 +0000","twitter","tweet"
"2011-03-22 09:21:17 +0000","twitter","tweet"
"2011-03-22 08:53:35 +0000","twitter","tweet"
"2011-03-22 08:01:47 +0000","twitter","tweet"
"2011-03-22 06:35:59 +0000","twitter","tweet"
"2011-03-21 13:16:33 +0000","twitter","tweet"
"2011-03-20 07:44:21 +0000","twitter","tweet"
"2011-03-20 05:08:27 +0000","twitter","tweet"
"2011-03-19 15:12:02 +0000","twitter","tweet"
"2011-03-19 11:53:51 +0000","twitter","tweet"
"2011-03-18 12:00:04 +0000","twitter","tweet"
"2011-03-18 11:27:51 +0000","twitter","tweet"
"2011-03-18 10:22:39 +0000","twitter","tweet"
"2011-03-18 07:20:11 +0000","twitter","tweet"
"2011-03-18 07:19:23 +0000","twitter","tweet"
"2011-03-18 07:00:27 +0000","twitter","tweet"
"2011-03-18 04:46:33 +0000","twitter","tweet"
"2011-03-18 04:45:07 +0000","twitter","tweet"
"2011-03-17 15:46:10 +0000","twitter","tweet"
"2011-03-17 15:30:44 +0000","twitter","tweet"
"2011-03-17 13:26:45 +0000","twitter","tweet"
"2011-03-17 10:50:46 +0000","twitter","tweet"
"2011-03-17 07:26:32 +0000","twitter","tweet"
"2011-03-16 17:12:49 +0000","twitter","tweet"
"2011-03-16 12:13:35 +0000","twitter","tweet"
"2011-03-16 07:11:19 +0000","twitter","tweet"
"2011-03-16 05:15:58 +0000","twitter","tweet"
"2011-03-16 03:33:26 +0000","twitter","tweet"
"2011-03-15 11:44:34 +0000","twitter","tweet"
"2011-03-15 08:15:27 +0000","twitter","tweet"
"2011-03-15 06:51:27 +0000","twitter","tweet"
"2011-03-14 17:34:55 +0000","twitter","tweet"
"2011-03-14 15:26:45 +0000","twitter","tweet"
"2011-03-14 15:24:53 +0000","twitter","tweet"
"2011-03-14 14:03:51 +0000","twitter","tweet"
"2011-03-14 13:46:26 +0000","twitter","tweet"
"2011-03-14 12:58:05 +0000","twitter","tweet"
"2011-03-14 12:04:55 +0000","twitter","tweet"
"2011-03-14 11:37:06 +0000","twitter","tweet"
"2011-03-14 11:24:40 +0000","twitter","tweet"
"2011-03-14 02:45:54 +0000","twitter","tweet"
"2011-03-14 02:31:00 +0000","twitter","tweet"
"2011-03-14 00:47:52 +0000","twitter","tweet"
"2011-03-12 13:41:13 +0000","twitter","tweet"
"2011-03-12 12:22:56 +0000","twitter","tweet"
"2011-03-12 12:05:11 +0000","twitter","tweet"
"2011-03-12 10:01:53 +0000","twitter","tweet"
"2011-03-12 09:36:45 +0000","twitter","tweet"
"2011-03-12 09:15:37 +0000","twitter","tweet"
"2011-03-12 08:24:24 +0000","twitter","tweet"
"2011-03-12 00:13:42 +0000","twitter","tweet"
"2011-03-11 23:12:58 +0000","twitter","tweet"
"2011-03-11 21:52:00 +0000","twitter","tweet"
"2011-03-11 21:42:03 +0000","twitter","tweet"
"2011-03-11 19:04:12 +0000","twitter","tweet"
"2011-03-11 16:30:57 +0000","twitter","tweet"
"2011-03-11 11:12:18 +0000","twitter","tweet"
"2011-03-11 11:11:10 +0000","twitter","tweet"
"2011-03-11 11:05:26 +0000","twitter","tweet"
"2011-03-11 11:00:24 +0000","twitter","tweet"
"2011-03-11 10:57:17 +0000","twitter","tweet"
"2011-03-11 10:51:38 +0000","twitter","tweet"
"2011-03-11 10:33:37 +0000","twitter","tweet"
"2011-03-11 10:05:42 +0000","twitter","tweet"
"2011-03-11 09:21:23 +0000","twitter","tweet"
"2011-03-11 09:14:30 +0000","twitter","tweet"
"2011-03-11 08:51:57 +0000","twitter","tweet"
"2011-03-11 08:41:37 +0000","twitter","tweet"
"2011-03-11 08:19:40 +0000","twitter","tweet"
"2011-03-11 08:09:51 +0000","twitter","tweet"
"2011-03-11 07:05:41 +0000","twitter","tweet"
"2011-03-11 06:06:45 +0000","twitter","tweet"
"2011-03-11 05:52:09 +0000","twitter","tweet"
"2011-03-10 09:05:51 +0000","twitter","tweet"
"2011-03-10 00:24:01 +0000","twitter","tweet"
"2011-03-08 08:56:52 +0000","twitter","tweet"
"2011-03-07 03:15:47 +0000","twitter","tweet"
"2011-03-04 05:42:25 +0000","twitter","tweet"
"2011-03-03 13:58:51 +0000","twitter","tweet"
"2011-03-03 03:59:00 +0000","twitter","tweet"
"2011-03-03 03:29:44 +0000","twitter","tweet"
"2011-03-03 02:28:52 +0000","twitter","tweet"
"2011-03-02 17:04:39 +0000","twitter","tweet"
"2011-03-02 13:05:52 +0000","twitter","tweet"
"2011-03-02 03:19:36 +0000","twitter","tweet"
"2011-03-01 12:22:56 +0000","twitter","tweet"
"2011-03-01 07:59:19 +0000","twitter","tweet"
"2011-02-28 11:56:19 +0000","twitter","tweet"
"2011-02-28 02:43:03 +0000","twitter","tweet"
"2011-02-25 03:55:56 +0000","twitter","tweet"
"2011-02-24 15:56:28 +0000","twitter","tweet"
"2011-02-24 08:21:02 +0000","twitter","tweet"
"2011-02-24 01:58:25 +0000","twitter","tweet"
"2011-02-23 05:15:19 +0000","twitter","tweet"
"2011-02-22 03:52:28 +0000","twitter","tweet"
"2011-02-22 03:00:11 +0000","twitter","tweet"
"2011-02-20 07:50:29 +0000","twitter","tweet"
"2011-02-17 17:31:50 +0000","twitter","tweet"
"2011-02-17 06:53:05 +0000","twitter","tweet"
"2011-02-16 16:23:39 +0000","twitter","tweet"
"2011-02-16 15:55:13 +0000","twitter","tweet"
"2011-02-16 13:04:48 +0000","twitter","tweet"
"2011-02-16 12:04:51 +0000","twitter","tweet"
"2011-02-16 11:02:59 +0000","twitter","tweet"
"2011-02-16 08:37:08 +0000","twitter","tweet"
"2011-02-16 06:09:35 +0000","twitter","tweet"
"2011-02-16 05:36:07 +0000","twitter","tweet"
"2011-02-15 17:01:51 +0000","twitter","tweet"
"2011-02-15 07:01:51 +0000","twitter","tweet"
"2011-02-14 15:29:27 +0000","twitter","tweet"
"2011-02-14 10:13:18 +0000","twitter","tweet"
"2011-02-14 08:37:13 +0000","twitter","tweet"
"2011-02-14 02:19:53 +0000","twitter","tweet"
"2011-02-13 08:43:36 +0000","twitter","tweet"
"2011-02-11 04:54:49 +0000","twitter","tweet"
"2011-02-09 11:45:42 +0000","twitter","tweet"
"2011-02-08 13:04:37 +0000","twitter","tweet"
"2011-02-07 08:21:55 +0000","twitter","tweet"
"2011-02-07 07:37:15 +0000","twitter","tweet"
"2011-02-07 03:37:56 +0000","twitter","tweet"
"2011-02-01 01:06:26 +0000","twitter","tweet"
"2011-01-25 18:05:13 +0000","twitter","tweet"
"2011-01-25 16:51:30 +0000","twitter","tweet"
"2011-01-20 16:05:36 +0000","twitter","tweet"
"2011-01-13 14:53:27 +0000","twitter","tweet"
"2011-01-13 03:35:42 +0000","twitter","tweet"
"2011-01-11 21:58:31 +0000","twitter","tweet"
"2011-01-07 19:27:57 +0000","twitter","tweet"
"2011-01-07 04:28:00 +0000","twitter","tweet"
"2011-01-06 16:58:02 +0000","twitter","tweet"
"2011-01-01 14:26:40 +0000","twitter","tweet"
"2010-12-31 15:08:15 +0000","twitter","tweet"
"2010-12-30 16:56:14 +0000","twitter","tweet"
"2010-12-27 17:50:22 +0000","twitter","tweet"
"2010-12-24 15:45:03 +0000","twitter","tweet"
"2010-12-22 02:12:19 +0000","twitter","tweet"
"2010-12-20 02:01:13 +0000","twitter","tweet"
"2010-12-17 07:50:41 +0000","twitter","tweet"
"2010-12-17 02:09:30 +0000","twitter","tweet"
"2010-12-16 04:06:23 +0000","twitter","tweet"
"2010-12-15 17:58:23 +0000","twitter","tweet"
"2010-12-15 10:14:46 +0000","twitter","tweet"
"2010-12-14 09:44:37 +0000","twitter","tweet"
"2010-12-10 06:19:13 +0000","twitter","tweet"
"2010-12-10 06:09:52 +0000","twitter","tweet"
"2010-12-09 03:58:34 +0000","twitter","tweet"
"2010-12-08 05:56:48 +0000","twitter","tweet"
"2010-12-07 03:49:23 +0000","twitter","tweet"
"2010-12-02 23:12:58 +0000","twitter","tweet"
"2010-11-30 03:36:34 +0000","twitter","tweet"
"2010-11-29 10:01:11 +0000","twitter","tweet"
"2010-11-26 07:15:47 +0000","twitter","tweet"
"2010-11-25 12:05:06 +0000","twitter","tweet"
"2010-11-25 11:09:20 +0000","twitter","tweet"
"2010-11-25 07:36:57 +0000","twitter","tweet"
"2010-11-24 16:06:24 +0000","twitter","tweet"
"2010-11-24 15:59:30 +0000","twitter","tweet"
"2010-11-23 05:55:31 +0000","twitter","tweet"
"2010-11-23 02:36:22 +0000","twitter","tweet"
"2010-11-22 10:59:59 +0000","twitter","tweet"
"2010-11-20 08:50:23 +0000","twitter","tweet"
"2010-11-20 04:31:57 +0000","twitter","tweet"
"2010-11-20 03:17:31 +0000","twitter","tweet"
"2010-11-18 05:50:05 +0000","twitter","tweet"
"2010-11-16 15:05:30 +0000","twitter","tweet"
"2010-11-16 04:57:07 +0000","twitter","tweet"
"2010-11-16 03:56:19 +0000","twitter","tweet"
"2010-11-16 02:13:41 +0000","twitter","tweet"
"2010-11-16 02:09:27 +0000","twitter","tweet"
"2010-11-16 01:34:36 +0000","twitter","tweet"
"2010-11-15 14:37:30 +0000","twitter","tweet"
"2010-11-15 14:23:55 +0000","twitter","tweet"
"2010-11-15 14:12:26 +0000","twitter","tweet"
"2010-11-12 05:55:48 +0000","twitter","tweet"
"2010-11-11 11:38:33 +0000","twitter","tweet"
"2010-11-10 03:46:32 +0000","twitter","tweet"
"2010-11-10 03:37:40 +0000","twitter","tweet"
"2010-11-10 03:18:27 +0000","twitter","tweet"
"2010-11-09 16:56:12 +0000","twitter","tweet"
"2010-11-08 11:04:15 +0000","twitter","tweet"
"2010-11-06 18:00:20 +0000","twitter","tweet"
"2010-11-06 17:56:23 +0000","twitter","tweet"
"2010-11-06 17:19:38 +0000","twitter","tweet"
"2010-11-05 02:36:49 +0000","twitter","tweet"
"2010-11-04 11:41:10 +0000","twitter","tweet"
"2010-11-04 09:21:09 +0000","twitter","tweet"
"2010-11-04 00:50:55 +0000","twitter","tweet"
"2010-10-29 04:02:54 +0000","twitter","tweet"
"2010-10-29 03:02:39 +0000","twitter","tweet"
"2010-10-29 02:10:39 +0000","twitter","tweet"
"2010-10-28 03:04:25 +0000","twitter","tweet"
"2010-10-27 08:41:17 +0000","twitter","tweet"
"2010-10-27 06:13:53 +0000","twitter","tweet"
"2010-10-27 02:34:43 +0000","twitter","tweet"
"2010-10-26 08:58:51 +0000","twitter","tweet"
"2010-10-26 07:01:05 +0000","twitter","tweet"
"2010-10-26 06:44:49 +0000","twitter","tweet"
"2010-10-26 06:30:32 +0000","twitter","tweet"
"2010-10-25 06:50:53 +0000","twitter","tweet"
"2010-10-22 11:07:14 +0000","twitter","tweet"
"2010-10-22 03:08:04 +0000","twitter","tweet"
"2010-10-20 17:01:36 +0000","twitter","tweet"
"2010-10-20 11:08:32 +0000","twitter","tweet"
"2010-10-20 10:49:31 +0000","twitter","tweet"
"2010-10-20 06:28:14 +0000","twitter","tweet"
"2010-10-19 10:56:11 +0000","twitter","tweet"
"2010-10-19 06:31:47 +0000","twitter","tweet"
"2010-10-18 12:35:19 +0000","twitter","tweet"
"2010-10-18 07:03:13 +0000","twitter","tweet"
"2010-10-18 06:41:41 +0000","twitter","tweet"
"2010-10-17 07:35:44 +0000","twitter","tweet"
"2010-10-16 13:54:17 +0000","twitter","tweet"
"2010-10-16 13:00:43 +0000","twitter","tweet"
"2010-10-15 08:57:47 +0000","twitter","tweet"
"2010-10-15 04:14:06 +0000","twitter","tweet"
"2010-10-15 02:02:46 +0000","twitter","tweet"
"2010-10-14 06:12:26 +0000","twitter","tweet"
"2010-10-14 01:47:41 +0000","twitter","tweet"
"2010-10-13 14:58:52 +0000","twitter","tweet"
"2010-10-11 15:29:18 +0000","twitter","tweet"
"2010-10-08 14:57:39 +0000","twitter","tweet"
"2010-10-08 05:24:13 +0000","twitter","tweet"
"2010-10-07 07:59:59 +0000","twitter","tweet"
"2010-10-06 18:21:16 +0000","twitter","tweet"
"2010-10-05 13:58:19 +0000","twitter","tweet"
"2010-10-05 08:02:30 +0000","twitter","tweet"
"2010-10-05 06:29:01 +0000","twitter","tweet"
"2010-10-03 16:03:20 +0000","twitter","tweet"
"2010-10-03 14:20:12 +0000","twitter","tweet"
"2010-10-03 12:48:52 +0000","twitter","tweet"
"2010-10-03 06:47:38 +0000","twitter","tweet"
"2010-10-02 03:25:59 +0000","twitter","tweet"
"2010-10-02 02:59:39 +0000","twitter","tweet"
"2010-10-01 23:32:18 +0000","twitter","tweet"
"2010-10-01 13:08:44 +0000","twitter","tweet"
"2010-10-01 07:11:39 +0000","twitter","tweet"
"2010-10-01 06:13:47 +0000","twitter","tweet"
"2010-10-01 03:46:08 +0000","twitter","tweet"
"2010-09-30 16:27:01 +0000","twitter","tweet"
"2010-09-30 16:22:18 +0000","twitter","tweet"
"2010-09-30 16:08:35 +0000","twitter","tweet"
"2010-09-30 09:42:25 +0000","twitter","tweet"
"2010-09-30 07:55:35 +0000","twitter","tweet"
"2010-09-29 13:56:29 +0000","twitter","tweet"
"2010-09-29 12:11:38 +0000","twitter","tweet"
"2010-09-29 11:38:34 +0000","twitter","tweet"
"2010-09-29 11:05:29 +0000","twitter","tweet"
"2010-09-29 11:00:33 +0000","twitter","tweet"
"2010-09-29 10:23:24 +0000","twitter","tweet"
"2010-09-28 16:23:11 +0000","twitter","tweet"
"2010-09-28 13:41:55 +0000","twitter","tweet"
"2010-09-27 04:05:38 +0000","twitter","tweet"
"2010-09-26 17:57:45 +0000","twitter","tweet"
"2010-09-26 17:15:17 +0000","twitter","tweet"
"2010-09-26 07:08:09 +0000","twitter","tweet"
"2010-09-26 06:31:50 +0000","twitter","tweet"
"2010-09-22 16:25:49 +0000","twitter","tweet"
"2010-09-22 09:21:18 +0000","twitter","tweet"
"2010-09-22 09:08:04 +0000","twitter","tweet"
"2010-09-22 08:07:10 +0000","twitter","tweet"
"2010-09-22 07:58:59 +0000","twitter","tweet"
"2010-09-20 06:38:14 +0000","twitter","tweet"
"2010-09-19 13:20:50 +0000","twitter","tweet"
"2010-09-17 16:52:37 +0000","twitter","tweet"
"2010-09-17 10:25:21 +0000","twitter","tweet"
"2010-09-16 03:13:42 +0000","twitter","tweet"
"2010-09-15 03:23:25 +0000","twitter","tweet"
"2010-09-14 14:06:24 +0000","twitter","tweet"
"2010-09-14 02:48:58 +0000","twitter","tweet"
"2010-09-13 09:10:09 +0000","twitter","tweet"
"2010-09-13 07:46:10 +0000","twitter","tweet"
"2010-09-13 03:42:58 +0000","twitter","tweet"
"2010-09-12 10:13:52 +0000","twitter","tweet"
"2010-09-12 06:57:58 +0000","twitter","tweet"
"2010-09-12 06:00:01 +0000","twitter","tweet"
"2010-09-12 04:20:59 +0000","twitter","tweet"
"2010-09-12 04:19:31 +0000","twitter","tweet"
"2010-09-12 04:16:51 +0000","twitter","tweet"
"2010-09-11 18:08:56 +0000","twitter","tweet"
"2010-09-11 17:18:43 +0000","twitter","tweet"
"2010-09-11 05:30:47 +0000","twitter","tweet"
"2010-09-10 11:25:35 +0000","twitter","tweet"
"2010-09-10 08:07:05 +0000","twitter","tweet"
"2010-09-10 06:06:37 +0000","twitter","tweet"
"2010-09-09 15:26:38 +0000","twitter","tweet"
"2010-09-09 13:51:44 +0000","twitter","tweet"
"2010-09-09 08:25:29 +0000","twitter","tweet"
"2010-09-08 14:11:01 +0000","twitter","tweet"
"2010-09-08 12:54:43 +0000","twitter","tweet"
"2010-09-08 08:41:14 +0000","twitter","tweet"
"2010-09-08 03:53:01 +0000","twitter","tweet"
"2010-09-08 03:31:57 +0000","twitter","tweet"
"2010-09-07 07:08:29 +0000","twitter","tweet"
"2010-09-06 18:45:14 +0000","twitter","tweet"
"2010-09-06 16:45:51 +0000","twitter","tweet"
"2010-09-06 16:45:36 +0000","twitter","tweet"
"2010-09-06 06:33:32 +0000","twitter","tweet"
"2010-09-04 16:15:53 +0000","twitter","tweet"
"2010-09-04 12:22:39 +0000","twitter","tweet"
"2010-09-04 11:40:01 +0000","twitter","tweet"
"2010-09-04 10:30:01 +0000","twitter","tweet"
"2010-09-04 08:11:30 +0000","twitter","tweet"
"2010-09-04 04:58:03 +0000","twitter","tweet"
"2010-09-03 15:11:21 +0000","twitter","tweet"
"2010-09-03 14:36:04 +0000","twitter","tweet"
"2010-09-03 11:50:04 +0000","twitter","tweet"
"2010-09-02 03:08:04 +0000","twitter","tweet"
"2010-08-31 16:44:51 +0000","twitter","tweet"
"2010-08-31 07:30:39 +0000","twitter","tweet"
"2010-08-30 14:41:40 +0000","twitter","tweet"
"2010-08-29 13:53:27 +0000","twitter","tweet"
"2010-08-29 10:46:22 +0000","twitter","tweet"
"2010-08-29 08:43:23 +0000","twitter","tweet"
"2010-08-29 08:15:00 +0000","twitter","tweet"
"2010-08-29 08:09:25 +0000","twitter","tweet"
"2010-08-29 06:25:22 +0000","twitter","tweet"
"2010-08-29 06:09:29 +0000","twitter","tweet"
"2010-08-29 05:02:43 +0000","twitter","tweet"
"2010-08-29 04:59:58 +0000","twitter","tweet"
"2010-08-29 04:43:34 +0000","twitter","tweet"
"2010-08-29 04:35:49 +0000","twitter","tweet"
"2010-08-28 09:37:44 +0000","twitter","tweet"
"2010-08-28 07:32:53 +0000","twitter","tweet"
"2010-08-28 04:15:40 +0000","twitter","tweet"
"2010-08-27 09:51:31 +0000","twitter","tweet"
"2010-08-27 09:46:54 +0000","twitter","tweet"
"2010-08-27 08:56:43 +0000","twitter","tweet"
"2010-08-27 06:00:08 +0000","twitter","tweet"
"2010-08-27 05:56:24 +0000","twitter","tweet"
"2010-08-27 05:41:15 +0000","twitter","tweet"
"2010-08-27 04:42:22 +0000","twitter","tweet"
"2010-08-27 04:32:59 +0000","twitter","tweet"
"2010-08-25 09:11:40 +0000","twitter","tweet"
"2010-08-25 03:42:12 +0000","twitter","tweet"
"2010-08-24 11:48:25 +0000","twitter","tweet"
"2010-08-24 06:12:58 +0000","twitter","tweet"
"2010-08-24 04:37:26 +0000","twitter","tweet"
"2010-08-24 03:34:37 +0000","twitter","tweet"
"2010-08-23 07:42:31 +0000","twitter","tweet"
"2010-08-22 15:36:57 +0000","twitter","tweet"
"2010-08-22 09:13:34 +0000","twitter","tweet"
"2010-08-22 06:22:44 +0000","twitter","tweet"
"2010-08-21 17:40:43 +0000","twitter","tweet"
"2010-08-21 11:31:03 +0000","twitter","tweet"
"2010-08-20 02:33:27 +0000","twitter","tweet"
"2010-08-19 05:40:33 +0000","twitter","tweet"
"2010-08-18 17:38:35 +0000","twitter","tweet"
"2010-08-18 16:22:27 +0000","twitter","tweet"
"2010-08-17 23:14:02 +0000","twitter","tweet"
"2010-08-17 23:12:42 +0000","twitter","tweet"
"2010-08-17 15:11:31 +0000","twitter","tweet"
"2010-08-16 09:24:28 +0000","twitter","tweet"
"2010-08-16 01:58:18 +0000","twitter","tweet"
"2010-08-15 20:20:27 +0000","twitter","tweet"
"2010-08-15 17:33:56 +0000","twitter","tweet"
"2010-08-15 10:35:02 +0000","twitter","tweet"
"2010-08-15 06:18:19 +0000","twitter","tweet"
"2010-08-14 10:07:31 +0000","twitter","tweet"
"2010-08-11 14:59:17 +0000","twitter","tweet"
"2010-08-10 15:52:25 +0000","twitter","tweet"
"2010-08-07 15:39:43 +0000","twitter","tweet"
"2010-08-07 09:48:40 +0000","twitter","tweet"
"2010-08-06 12:32:12 +0000","twitter","tweet"
"2010-08-06 06:45:48 +0000","twitter","tweet"
"2010-08-06 06:07:15 +0000","twitter","tweet"
"2010-08-05 02:41:32 +0000","twitter","tweet"
"2010-08-04 07:16:16 +0000","twitter","tweet"
"2010-08-04 05:49:20 +0000","twitter","tweet"
"2010-08-04 03:25:11 +0000","twitter","tweet"
"2010-08-03 13:56:35 +0000","twitter","tweet"
"2010-08-03 08:31:22 +0000","twitter","tweet"
"2010-08-02 15:57:47 +0000","twitter","tweet"
"2010-08-02 13:51:10 +0000","twitter","tweet"
"2010-08-02 02:15:07 +0000","twitter","tweet"
"2010-08-01 13:00:08 +0000","twitter","tweet"
"2010-07-30 09:08:28 +0000","twitter","tweet"
"2010-07-30 08:37:14 +0000","twitter","tweet"
"2010-07-30 08:20:55 +0000","twitter","tweet"
"2010-07-29 18:05:31 +0000","twitter","tweet"
"2010-07-29 12:31:00 +0000","twitter","tweet"
"2010-07-29 12:28:12 +0000","twitter","tweet"
"2010-07-29 02:44:55 +0000","twitter","tweet"
"2010-07-28 10:58:16 +0000","twitter","tweet"
"2010-07-28 01:57:34 +0000","twitter","tweet"
"2010-07-27 18:11:19 +0000","twitter","tweet"
"2010-07-27 06:57:54 +0000","twitter","tweet"
"2010-07-27 03:45:36 +0000","twitter","tweet"
"2010-07-26 09:48:40 +0000","twitter","tweet"
"2010-07-23 11:08:24 +0000","twitter","tweet"
"2010-07-21 14:50:01 +0000","twitter","tweet"
"2010-07-21 06:16:01 +0000","twitter","tweet"
"2010-07-20 03:34:57 +0000","twitter","tweet"
"2010-06-24 09:04:01 +0000","twitter","tweet"
"2009-12-22 09:02:35 +0000","twitter","tweet"
"2009-11-28 02:27:10 +0000","twitter","tweet"
"2009-10-19 11:50:35 +0000","twitter","tweet"
"2009-09-30 05:55:18 +0000","twitter","tweet"
"2009-09-18 03:57:15 +0000","twitter","tweet"
"2009-09-10 15:07:53 +0000","twitter","tweet"
"2009-09-01 13:28:28 +0000","twitter","tweet"
"2009-08-31 01:03:28 +0000","twitter","tweet"
"2009-08-25 16:07:31 +0000","twitter","tweet"
"2009-08-14 13:42:17 +0000","twitter","tweet"
"2009-08-14 10:00:10 +0000","twitter","tweet"
"2009-08-11 11:52:29 +0000","twitter","tweet"
"2009-08-11 08:18:30 +0000","twitter","tweet"
"2009-08-11 00:16:09 +0000","twitter","tweet"
"2009-08-10 11:29:14 +0000","twitter","tweet"
"2009-08-10 05:47:17 +0000","twitter","tweet"
"2009-08-09 12:16:05 +0000","twitter","tweet"
"2009-08-09 12:13:54 +0000","twitter","tweet"
"2009-08-09 03:46:34 +0000","twitter","tweet"
"2009-08-08 06:24:25 +0000","twitter","tweet"
"2009-08-06 03:12:55 +0000","twitter","tweet"
"2009-08-04 07:45:05 +0000","twitter","tweet"
"2009-08-04 02:40:30 +0000","twitter","tweet"
"2009-08-04 02:37:09 +0000","twitter","tweet"
"2009-08-01 10:53:06 +0000","twitter","tweet"
"2009-07-28 11:29:43 +0000","twitter","tweet"
"2009-07-26 09:47:02 +0000","twitter","tweet"
"2009-07-25 17:17:26 +0000","twitter","tweet"
"2009-07-25 10:56:06 +0000","twitter","tweet"
"2009-07-21 14:28:16 +0000","twitter","tweet"
"2009-07-21 05:51:14 +0000","twitter","tweet"
"2009-07-18 03:41:57 +0000","twitter","tweet"
"2009-07-08 13:46:59 +0000","twitter","tweet"
"2009-07-06 14:56:09 +0000","twitter","tweet"
"2009-07-06 09:50:38 +0000","twitter","tweet"
"2009-07-05 03:52:52 +0000","twitter","tweet"
"2009-07-05 02:02:21 +0000","twitter","tweet"
"2009-07-04 16:55:46 +0000","twitter","tweet"
"2009-07-03 13:44:13 +0000","twitter","tweet"
"2009-07-03 05:50:17 +0000","twitter","tweet"
"2009-07-01 01:55:21 +0000","twitter","tweet"
"2009-06-29 15:35:19 +0000","twitter","tweet"
"2009-06-16 03:23:04 +0000","twitter","tweet"
"2009-06-13 16:52:29 +0000","twitter","tweet"
"2009-06-12 17:26:51 +0000","twitter","tweet"
"2009-06-12 11:19:07 +0000","twitter","tweet"
"2009-06-12 01:42:15 +0000","twitter","tweet"
"2009-06-10 01:08:22 +0000","twitter","tweet"
"2009-06-07 19:32:15 +0000","twitter","tweet"
"2009-06-07 14:58:48 +0000","twitter","tweet"
"2009-06-07 12:26:39 +0000","twitter","tweet"
"2009-06-07 07:00:55 +0000","twitter","tweet"
"2009-06-06 19:11:22 +0000","twitter","tweet"
"2009-06-06 17:48:57 +0000","twitter","tweet"
"2009-06-06 01:50:12 +0000","twitter","tweet"
"2009-06-05 17:18:41 +0000","twitter","tweet"
"2009-06-05 16:12:12 +0000","twitter","tweet"
"2009-06-05 08:28:21 +0000","twitter","tweet"
"2009-05-29 12:49:46 +0000","twitter","tweet"
"2009-05-27 01:32:30 +0000","twitter","tweet"
"2009-05-26 08:51:01 +0000","twitter","tweet"
"2009-05-25 16:25:12 +0000","twitter","tweet"
"2009-05-25 16:24:12 +0000","twitter","tweet"
"2009-05-25 16:22:49 +0000","twitter","tweet"
"2009-05-25 16:21:30 +0000","twitter","tweet"
"2009-05-25 16:20:05 +0000","twitter","tweet"
"2009-05-25 15:00:35 +0000","twitter","tweet"
"2009-05-25 11:59:25 +0000","twitter","tweet"
"2009-05-23 14:49:46 +0000","twitter","tweet"
"2009-05-22 11:43:31 +0000","twitter","tweet"
"2009-05-19 11:38:10 +0000","twitter","tweet"
"2009-05-19 06:51:26 +0000","twitter","tweet"
"2009-05-18 03:37:40 +0000","twitter","tweet"
"2009-05-16 12:58:10 +0000","twitter","tweet"
"2009-05-16 09:50:35 +0000","twitter","tweet"
"2009-05-15 14:59:22 +0000","twitter","tweet"
"2009-05-15 13:38:05 +0000","twitter","tweet"
"2009-05-14 09:18:40 +0000","twitter","tweet"
"2009-05-14 04:11:09 +0000","twitter","tweet"
"2009-05-12 13:25:31 +0000","twitter","tweet"
"2009-05-10 07:17:13 +0000","twitter","tweet"
"2009-05-09 16:30:20 +0000","twitter","tweet"
"2009-05-09 09:06:16 +0000","twitter","tweet"
"2009-05-08 12:19:01 +0000","twitter","tweet"
"2009-05-08 12:04:36 +0000","twitter","tweet"
"2009-05-08 11:37:45 +0000","twitter","tweet"
"2009-05-07 10:40:10 +0000","twitter","tweet"
"2009-05-06 23:26:31 +0000","twitter","tweet"
"2009-05-06 17:50:05 +0000","twitter","tweet"
"2009-05-05 13:11:07 +0000","twitter","tweet"
"2009-05-05 11:32:06 +0000","twitter","tweet"
"2009-05-05 11:25:52 +0000","twitter","tweet"
"2009-05-05 07:54:54 +0000","twitter","tweet"
"2009-05-05 06:45:44 +0000","twitter","tweet"
"2009-05-05 05:17:01 +0000","twitter","tweet"
"2009-05-05 04:13:52 +0000","twitter","tweet"
"2009-05-05 02:49:11 +0000","twitter","tweet"
"2009-05-05 02:24:53 +0000","twitter","tweet"
"2009-05-04 23:44:20 +0000","twitter","tweet"
"2009-05-04 09:26:31 +0000","twitter","tweet"
"2009-05-03 05:35:33 +0000","twitter","tweet"
"2009-05-02 15:38:24 +0000","twitter","tweet"
"2009-05-02 10:21:25 +0000","twitter","tweet"
"2009-05-01 07:13:01 +0000","twitter","tweet"
"2009-04-18 17:23:40 +0000","twitter","tweet"
"2009-04-17 17:49:04 +0000","twitter","tweet"
"2009-04-17 11:57:18 +0000","twitter","tweet"
"2009-04-16 08:16:41 +0000","twitter","tweet"
"2009-04-15 13:14:14 +0000","twitter","tweet"
"2009-04-09 12:10:18 +0000","twitter","tweet"
"2009-04-09 11:47:43 +0000","twitter","tweet"
"2009-04-08 15:27:55 +0000","twitter","tweet"
"2009-04-07 16:54:54 +0000","twitter","tweet"
"2009-04-05 15:07:15 +0000","twitter","tweet"
"2009-03-31 14:20:44 +0000","twitter","tweet"
"2009-03-30 11:51:02 +0000","twitter","tweet"
"2009-03-29 13:56:22 +0000","twitter","tweet"
"2009-03-19 02:28:34 +0000","twitter","tweet"
"2009-03-17 15:43:13 +0000","twitter","tweet"
"2008-06-09 12:00:53 +0000","twitter","tweet"
"2008-05-26 11:39:26 +0000","twitter","tweet"
"2008-05-26 11:00:27 +0000","twitter","tweet"
"2008-05-19 11:30:01 +0000","twitter","tweet"
"2008-05-17 03:27:02 +0000","twitter","tweet"
"2008-05-17 00:31:55 +0000","twitter","tweet"
"2008-05-11 17:06:16 +0000","twitter","tweet"
"2008-04-14 16:37:53 +0000","twitter","tweet"
"2008-04-13 17:12:15 +0000","twitter","tweet"
"2008-03-29 14:16:55 +0000","twitter","tweet"
"2007-12-21 13:31:22 +0000","twitter","tweet"
"2007-12-14 09:01:07 +0000","twitter","tweet"
"2007-12-14 09:00:19 +0000","twitter","tweet"
"2007-12-10 12:02:11 +0000","twitter","tweet"
"2007-10-19 14:29:17 +0000","twitter","tweet"
"2012-04-26 18:39:53 +0000","twitter","retweet"
"2012-04-24 14:33:44 +0000","twitter","retweet"
"2012-04-17 02:46:15 +0000","twitter","retweet"
"2012-04-04 13:24:25 +0000","twitter","retweet"
"2012-04-02 14:07:59 +0000","twitter","retweet"
"2012-03-31 15:54:52 +0000","twitter","retweet"
"2012-03-29 17:32:18 +0000","twitter","retweet"
"2012-03-27 09:15:53 +0000","twitter","retweet"
"2012-03-26 02:41:02 +0000","twitter","retweet"
"2012-03-14 05:49:31 +0000","twitter","retweet"
"2012-03-12 07:42:20 +0000","twitter","retweet"
"2012-03-09 07:30:22 +0000","twitter","retweet"
"2012-03-02 03:04:46 +0000","twitter","retweet"
"2012-02-11 03:58:19 +0000","twitter","retweet"
"2012-02-11 03:57:26 +0000","twitter","retweet"
"2012-02-09 03:14:00 +0000","twitter","retweet"
"2012-02-01 02:55:11 +0000","twitter","retweet"
"2012-01-11 07:59:54 +0000","twitter","retweet"
"2011-12-30 20:27:02 +0000","twitter","retweet"
"2011-12-28 02:04:18 +0000","twitter","retweet"
"2011-12-26 01:53:44 +0000","twitter","retweet"
"2011-12-21 08:27:30 +0000","twitter","retweet"
"2011-12-20 01:34:06 +0000","twitter","retweet"
"2011-12-19 03:30:00 +0000","twitter","retweet"
"2011-12-16 03:44:09 +0000","twitter","retweet"
"2011-11-28 07:16:15 +0000","twitter","retweet"
"2011-11-24 06:24:46 +0000","twitter","retweet"
"2011-11-17 02:13:23 +0000","twitter","retweet"
"2011-11-17 00:45:22 +0000","twitter","retweet"
"2011-10-28 06:41:11 +0000","twitter","retweet"
"2011-10-27 04:09:46 +0000","twitter","retweet"
"2011-10-26 09:01:33 +0000","twitter","retweet"
"2011-10-21 07:56:36 +0000","twitter","retweet"
"2011-10-21 00:49:42 +0000","twitter","retweet"
"2011-10-19 05:50:23 +0000","twitter","retweet"
"2011-10-12 02:11:28 +0000","twitter","retweet"
"2011-10-11 10:42:11 +0000","twitter","retweet"
"2011-10-04 16:18:10 +0000","twitter","retweet"
"2011-09-22 18:30:28 +0000","twitter","retweet"
"2011-09-22 03:04:23 +0000","twitter","retweet"
"2011-09-13 02:25:11 +0000","twitter","retweet"
"2011-09-09 05:06:44 +0000","twitter","retweet"
"2011-09-08 12:24:14 +0000","twitter","retweet"
"2011-09-07 03:47:36 +0000","twitter","retweet"
"2011-09-05 06:46:39 +0000","twitter","retweet"
"2011-08-29 06:47:02 +0000","twitter","retweet"
"2011-08-27 12:02:41 +0000","twitter","retweet"
"2011-08-27 07:12:40 +0000","twitter","retweet"
"2011-08-23 06:44:20 +0000","twitter","retweet"
"2011-08-18 16:19:23 +0000","twitter","retweet"
"2011-08-18 15:30:29 +0000","twitter","retweet"
"2011-08-12 03:18:57 +0000","twitter","retweet"
"2011-08-10 17:10:54 +0000","twitter","retweet"
"2011-08-09 05:59:10 +0000","twitter","retweet"
"2011-08-08 12:02:54 +0000","twitter","retweet"
"2011-08-03 07:53:03 +0000","twitter","retweet"
"2011-08-02 14:49:45 +0000","twitter","retweet"
"2011-08-02 14:39:24 +0000","twitter","retweet"
"2011-07-31 15:18:22 +0000","twitter","retweet"
"2011-07-29 08:03:50 +0000","twitter","retweet"
"2011-07-29 05:44:55 +0000","twitter","retweet"
"2011-07-29 03:34:29 +0000","twitter","retweet"
"2011-07-28 09:48:58 +0000","twitter","retweet"
"2011-07-23 06:24:59 +0000","twitter","retweet"
"2011-07-22 10:01:14 +0000","twitter","retweet"
"2011-07-17 06:54:39 +0000","twitter","retweet"
"2011-07-15 02:06:33 +0000","twitter","retweet"
"2011-07-13 14:04:37 +0000","twitter","retweet"
"2011-07-12 10:41:50 +0000","twitter","retweet"
"2011-07-08 10:01:48 +0000","twitter","retweet"
"2011-07-06 02:07:57 +0000","twitter","retweet"
"2011-07-05 16:52:42 +0000","twitter","retweet"
"2011-07-03 08:04:05 +0000","twitter","retweet"
"2011-07-02 13:28:36 +0000","twitter","retweet"
"2011-07-02 07:47:10 +0000","twitter","retweet"
"2011-07-01 08:48:01 +0000","twitter","retweet"
"2011-07-01 02:32:51 +0000","twitter","retweet"
"2011-06-22 17:00:54 +0000","twitter","retweet"
"2011-06-22 06:03:25 +0000","twitter","retweet"
"2011-06-21 01:59:44 +0000","twitter","retweet"
"2011-06-15 08:35:39 +0000","twitter","retweet"
"2011-06-14 04:29:43 +0000","twitter","retweet"
"2011-06-14 03:55:37 +0000","twitter","retweet"
"2011-06-10 12:21:08 +0000","twitter","retweet"
"2011-06-08 05:52:27 +0000","twitter","retweet"
"2011-06-06 17:12:46 +0000","twitter","retweet"
"2011-06-06 05:30:43 +0000","twitter","retweet"
"2011-05-31 02:32:13 +0000","twitter","retweet"
"2011-05-31 02:30:57 +0000","twitter","retweet"
"2011-05-30 14:17:21 +0000","twitter","retweet"
"2011-05-30 01:43:11 +0000","twitter","retweet"
"2011-05-29 08:31:24 +0000","twitter","retweet"
"2011-05-28 14:51:06 +0000","twitter","retweet"
"2011-05-28 12:56:56 +0000","twitter","retweet"
"2011-05-28 07:58:43 +0000","twitter","retweet"
"2011-05-26 16:46:51 +0000","twitter","retweet"
"2011-05-26 03:14:37 +0000","twitter","retweet"
"2011-05-23 17:59:40 +0000","twitter","retweet"
"2011-05-23 15:33:00 +0000","twitter","retweet"
"2011-05-22 05:44:51 +0000","twitter","retweet"
"2011-05-21 15:53:30 +0000","twitter","retweet"
"2011-05-21 14:58:10 +0000","twitter","retweet"
"2011-05-20 06:33:39 +0000","twitter","retweet"
"2011-05-18 13:04:44 +0000","twitter","retweet"
"2011-05-17 14:01:20 +0000","twitter","retweet"
"2011-05-17 13:09:11 +0000","twitter","retweet"
"2011-05-17 11:07:12 +0000","twitter","retweet"
"2011-05-17 03:45:08 +0000","twitter","retweet"
"2011-05-16 15:51:10 +0000","twitter","retweet"
"2011-05-16 13:09:04 +0000","twitter","retweet"
"2011-05-16 02:43:05 +0000","twitter","retweet"
"2011-05-13 02:52:36 +0000","twitter","retweet"
"2011-05-10 02:22:07 +0000","twitter","retweet"
"2011-05-10 02:20:44 +0000","twitter","retweet"
"2011-05-09 10:05:06 +0000","twitter","retweet"
"2011-05-03 16:15:11 +0000","twitter","retweet"
"2011-04-28 01:14:54 +0000","twitter","retweet"
"2011-04-27 10:03:46 +0000","twitter","retweet"
"2011-04-25 08:42:16 +0000","twitter","retweet"
"2011-04-25 07:26:10 +0000","twitter","retweet"
"2011-04-22 02:03:28 +0000","twitter","retweet"
"2011-04-12 09:03:33 +0000","twitter","retweet"
"2011-04-12 01:50:35 +0000","twitter","retweet"
"2011-04-11 08:21:50 +0000","twitter","retweet"
"2011-04-08 03:30:33 +0000","twitter","retweet"
"2011-04-07 15:56:07 +0000","twitter","retweet"
"2011-04-07 15:32:55 +0000","twitter","retweet"
"2011-04-05 06:28:57 +0000","twitter","retweet"
"2011-03-30 07:30:50 +0000","twitter","retweet"
"2011-03-24 07:38:37 +0000","twitter","retweet"
"2011-03-24 03:42:54 +0000","twitter","retweet"
"2011-03-22 18:07:38 +0000","twitter","retweet"
"2011-03-22 14:35:53 +0000","twitter","retweet"
"2011-03-22 02:42:19 +0000","twitter","retweet"
"2011-03-21 16:37:59 +0000","twitter","retweet"
"2011-03-20 13:39:01 +0000","twitter","retweet"
"2011-03-18 07:25:24 +0000","twitter","retweet"
"2011-03-18 07:24:39 +0000","twitter","retweet"
"2011-03-17 14:58:34 +0000","twitter","retweet"
"2011-03-17 11:26:37 +0000","twitter","retweet"
"2011-03-16 18:08:32 +0000","twitter","retweet"
"2011-03-16 05:13:42 +0000","twitter","retweet"
"2011-03-15 08:55:46 +0000","twitter","retweet"
"2011-03-14 12:57:05 +0000","twitter","retweet"
"2011-03-14 04:57:30 +0000","twitter","retweet"
"2011-03-14 03:50:35 +0000","twitter","retweet"
"2011-03-14 02:59:21 +0000","twitter","retweet"
"2011-03-13 12:37:32 +0000","twitter","retweet"
"2011-03-13 07:00:59 +0000","twitter","retweet"
"2011-03-12 08:18:53 +0000","twitter","retweet"
"2011-03-11 16:49:08 +0000","twitter","retweet"
"2011-03-11 16:24:56 +0000","twitter","retweet"
"2011-03-11 11:44:42 +0000","twitter","retweet"
"2011-03-11 08:21:50 +0000","twitter","retweet"
"2011-03-11 08:17:56 +0000","twitter","retweet"
"2011-03-11 02:56:37 +0000","twitter","retweet"
"2011-03-08 02:26:38 +0000","twitter","retweet"
"2011-03-05 02:32:32 +0000","twitter","retweet"
"2011-02-09 11:48:35 +0000","twitter","retweet"
"2011-02-03 16:51:39 +0000","twitter","retweet"
"2011-01-28 07:50:51 +0000","twitter","retweet"
"2010-12-15 06:30:08 +0000","twitter","retweet"
"2010-11-30 01:31:30 +0000","twitter","retweet"
"2010-11-22 18:50:14 +0000","twitter","retweet"
"2010-11-16 16:50:50 +0000","twitter","retweet"
"2010-11-06 15:45:03 +0000","twitter","retweet"
"2010-10-18 17:55:21 +0000","twitter","retweet"
"2010-10-07 00:51:20 +0000","twitter","retweet"
"2010-10-06 06:43:32 +0000","twitter","retweet"
"2010-10-04 14:18:05 +0000","twitter","retweet"
"2010-10-03 06:25:58 +0000","twitter","retweet"
"2010-09-28 16:07:48 +0000","twitter","retweet"
"2010-09-24 16:19:17 +0000","twitter","retweet"
"2010-09-16 06:42:20 +0000","twitter","retweet"
"2010-09-15 06:36:28 +0000","twitter","retweet"
"2010-09-08 11:22:09 +0000","twitter","retweet"
"2010-09-07 02:30:23 +0000","twitter","retweet"
"2010-09-03 06:49:04 +0000","twitter","retweet"
"2010-09-03 01:41:34 +0000","twitter","retweet"
"2010-09-02 10:20:57 +0000","twitter","retweet"
"2010-09-02 07:48:17 +0000","twitter","retweet"
"2010-09-01 02:18:08 +0000","twitter","retweet"
"2010-08-30 07:01:37 +0000","twitter","retweet"
"2010-08-29 15:40:36 +0000","twitter","retweet"
"2010-08-29 08:17:13 +0000","twitter","retweet"
"2010-08-28 03:50:12 +0000","twitter","retweet"
"2010-08-21 09:32:32 +0000","twitter","retweet"
"2010-08-03 08:42:44 +0000","twitter","retweet"
"2010-08-01 11:17:09 +0000","twitter","retweet"
"2010-07-27 04:19:16 +0000","twitter","retweet"
